Word,Source
AFRICA,CN
AGENT,CN
AIR,CN
ALIEN,CN
ALPS,CN
AMAZON,CN
AMBULANCE,CN
AMERICA,CN
ANGEL,CN
ANTARCTICA,CN
APPLE,CN
ARM,CN
ATLANTIS,CN
AUSTRALIA,CN
AZTEC,CN
BACK,CN
BALL,CN
BAND,CN
BANK,CN
BAR,CN
BARK,CN
BAT,CN
BATTERY,CN
BEACH,CN
BEAR,CN
BEAT,CN
BED,CN
BEIJING,CN
BELL,CN
BELT,CN
BERLIN,CN
BERMUDA,CN
BERRY,CN
BILL,CN
BLOCK,CN
BOARD,CN
BOLT,CN
BOMB,CN
BOND,CN
BOOM,CN
BOOT,CN
BOTTLE,CN
BOW,CN
BOX,CN
BRIDGE,CN
BRUSH,CN
BUCK,CN
BUFFALO,CN
BUG,CN
BUGLE,CN
BUTTON,CN
CALF,CN
CANADA,CN
CAP,CN
CAPITAL,CN
CAR,CN
CARD,CN
CARROT,CN
CASINO,CN
CAST,CN
CAT,CN
CELL,CN
CENTAUR,CN
CENTER,CN
CHAIR,CN
CHANGE,CN
CHARGE,CN
CHECK,CN
CHEST,CN
CHICK,CN
CHINA,CN
CHOCOLATE,CN
CHURCH,CN
CIRCLE,CN
CLIFF,CN
CLOAK,CN
CLUB,CN
CODE,CN
COLD,CN
COMIC,CN
COMPOUND,CN
CONCERT,CN
CONDUCTOR,CN
CONTRACT,CN
COOK,CN
COPPER,CN
COTTON,CN
COURT,CN
COVER,CN
CRANE,CN
CRASH,CN
CRICKET,CN
CROSS,CN
CROWN,CN
CYCLE,CN
CZECH,CN
DANCE,CN
DATE,CN
DAY,CN
DEATH,CN
DECK,CN
DEGREE,CN
DIAMOND,CN
DICE,CN
DINOSAUR,CN
DISEASE,CN
DOCTOR,CN
DOG,CN
DRAFT,CN
DRAGON,CN
DRESS,CN
DRILL,CN
DROP,CN
DUCK,CN
DWARF,CN
EAGLE,CN
EGYPT,CN
EMBASSY,CN
ENGINE,CN
ENGLAND,CN
EUROPE,CN
EYE,CN
FACE,CN
FAIR,CN
FALL,CN
FAN,CN
FENCE,CN
FIELD,CN
FIGHTER,CN
FIGURE,CN
FILE,CN
FILM,CN
FIRE,CN
FISH,CN
FLUTE,CN
FLY,CN
FOOT,CN
FORCE,CN
FOREST,CN
FORK,CN
FRANCE,CN
GAME,CN
GAS,CN
GENIUS,CN
GERMANY,CN
GHOST,CN
GIANT,CN
GLASS,CN
GLOVE,CN
GOLD,CN
GRACE,CN
GRASS,CN
GREECE,CN
GREEN,CN
GROUND,CN
HAM,CN
HAND,CN
HAWK,CN
HEAD,CN
HEART,CN
HELICOPTER,CN
HIMALAYAS,CN
HOLE,CN
HOLLYWOOD,CN
HONEY,CN
HOOD,CN
HOOK,CN
HORN,CN
HORSE,CN
HORSESHOE,CN
HOSPITAL,CN
HOTEL,CN
ICE,CN
ICE CREAM,CN
INDIA,CN
IRON,CN
IVORY,CN
JACK,CN
JAM,CN
JET,CN
JUPITER,CN
KANGAROO,CN
KETCHUP,CN
KEY,CN
KID,CN
KING,CN
KIWI,CN
KNIFE,CN
KNIGHT,CN
LAB,CN
LAP,CN
LASER,CN
LAWYER,CN
LEAD,CN
LEMON,CN
LEPRECHAUN,CN
LIFE,CN
LIGHT,CN
LIMOUSINE,CN
LINE,CN
LINK,CN
LION,CN
LITTER,CN
LOCH NESS,CN
LOCK,CN
LOG,CN
LONDON,CN
LUCK,CN
MAIL,CN
MAMMOTH,CN
MAPLE,CN
MARBLE,CN
MARCH,CN
MASS,CN
MATCH,CN
MERCURY,CN
MEXICO,CN
MICROSCOPE,CN
MILLIONAIRE,CN
MINE,CN
MINT,CN
MISSILE,CN
MODEL,CN
MOLE,CN
MOON,CN
MOSCOW,CN
MOUNT,CN
MOUSE,CN
MOUTH,CN
MUG,CN
NAIL,CN
NEEDLE,CN
NET,CN
NEW YORK,CN
NIGHT,CN
NINJA,CN
NOTE,CN
NOVEL,CN
NURSE,CN
NUT,CN
OCTOPUS,CN
OIL,CN
OLIVE,CN
OLYMPUS,CN
OPERA,CN
ORANGE,CN
ORGAN,CN
PALM,CN
PAN,CN
PANTS,CN
PAPER,CN
PARACHUTE,CN
PARK,CN
PART,CN
PASS,CN
PASTE,CN
PENGUIN,CN
PHOENIX,CN
PIANO,CN
PIE,CN
PILOT,CN
PIN,CN
PIPE,CN
PIRATE,CN
PISTOL,CN
PIT,CN
PITCH,CN
PLANE,CN
PLASTIC,CN
PLATE,CN
PLATYPUS,CN
PLAY,CN
PLOT,CN
POINT,CN
POISON,CN
POLE,CN
POLICE,CN
POOL,CN
PORT,CN
POST,CN
POUND,CN
PRESS,CN
PRINCESS,CN
PUMPKIN,CN
PUPIL,CN
PYRAMID,CN
QUEEN,CN
RABBIT,CN
RACKET,CN
RAY,CN
REVOLUTION,CN
RING,CN
ROBIN,CN
ROBOT,CN
ROCK,CN
ROME,CN
ROOT,CN
ROSE,CN
ROULETTE,CN
ROUND,CN
ROW,CN
RULER,CN
SATELLITE,CN
SATURN,CN
SCALE,CN
SCHOOL,CN
SCIENTIST,CN
SCORPION,CN
SCREEN,CN
SCUBA DIVER,CN
SEAL,CN
SERVER,CN
SHADOW,CN
SHAKESPEARE,CN
SHARK,CN
SHIP,CN
SHOE,CN
SHOP,CN
SHOT,CN
SINK,CN
SKYSCRAPER,CN
SLIP,CN
SLUG,CN
SMUGGLER,CN
SNOW,CN
SNOWMAN,CN
SOCK,CN
SOLDIER,CN
SOUL,CN
SOUND,CN
SPACE,CN
SPELL,CN
SPIDER,CN
SPIKE,CN
SPINE,CN
SPOT,CN
SPRING,CN
SPY,CN
SQUARE,CN
STADIUM,CN
STAFF,CN
STAR,CN
STATE,CN
STICK,CN
STOCK,CN
STRAW,CN
STREAM,CN
STRIKE,CN
STRING,CN
SUB,CN
SUIT,CN
SUPERHERO,CN
SWING,CN
SWITCH,CN
TABLE,CN
TABLET,CN
TAG,CN
TAIL,CN
TAP,CN
TEACHER,CN
TELESCOPE,CN
TEMPLE,CN
THEATER,CN
THIEF,CN
THUMB,CN
TICK,CN
TIE,CN
TIME,CN
TOKYO,CN
TOOTH,CN
TORCH,CN
TOWER,CN
TRACK,CN
TRAIN,CN
TRIANGLE,CN
TRIP,CN
TRUNK,CN
TUBE,CN
TURKEY,CN
UNDERTAKER,CN
UNICORN,CN
VACUUM,CN
VAN,CN
VET,CN
WAKE,CN
WALL,CN
WAR,CN
WASHER,CN
WASHINGTON,CN
WATCH,CN
WATER,CN
WAVE,CN
WEB,CN
WELL,CN
WHALE,CN
WHIP,CN
WIND,CN
WITCH,CN
WORM,CN
YARD,CN